{
    "animation": {
        "name": "Take 001",
        "ID": "UANI",
        "length": 1.0,
        "trackSize": 1,
        "tracks": [
            {
                "bone": "middle",
                "chanelMask": 3,
                "keyFramesSize": 3,
                "keyframes": [
                    {
                        "time": 0.0,
                        "pos": [
                            0.5592666268348694,
                            -2.049314022064209,
                            0.0000013952020481156069
                        ],
                        "quaternion": [
                            -7.334974583272924e-8,
                            -4.7566338423621349e-8,
                            0.544095516204834,
                            0.8390232920646668
                        ],
                        "scale": [
                            1.0,
                            1.0,
                            1.0
                        ]
                    },
                    {
                        "time": 0.5,
                        "pos": [
                            0.4986191987991333,
                            -2.049314022064209,
                            0.0000014086639339438989
                        ],
                        "quaternion": [
                            -2.733884514327656e-7,
                            -1.7728881118728169e-7,
                            0.544095516204834,
                            0.8390232920646668
                        ],
                        "scale": [
                            1.0,
                            1.0,
                            1.0
                        ]
                    },
                    {
                        "time": 1.0,
                        "pos": [
                            0.5592666268348694,
                            -2.049314022064209,
                            0.0000013952020481156069
                        ],
                        "quaternion": [
                            -2.733884514327656e-7,
                            -1.7728881118728169e-7,
                            0.544095516204834,
                            0.8390232920646668
                        ],
                        "scale": [
                            1.0,
                            1.0,
                            1.0
                        ]
                    }
                ]
            }
        ]
    }
}