{
    "skeleton": [
        {
            "name": "root",
            "parent": "root",
            "initpos": [
                0.0,
                0.0,
                -0.0
            ],
            "initquaternion": [
                0.5,
                0.4999997913837433,
                0.5,
                0.5000001788139343
            ],
            "initscale": [
                1.0,
                1.0,
                1.0
            ],
            "offmtx": [
                [
                    1.0,
                    0.0,
                    0.0,
                    0.0
                ],
                [
                    0.0,
                    1.0,
                    0.0,
                    0.0
                ],
                [
                    0.0,
                    0.0,
                    1.0,
                    0.0
                ]
            ]
        },
        {
            "name": "base",
            "parent": "root",
            "initpos": [
                12.999999046325684,
                -0.0000028856404696853135,
                -0.00000286102294921875
            ],
            "initquaternion": [
                0.0,
                0.0,
                0.0,
                1.0
            ],
            "initscale": [
                1.0,
                1.0,
                1.0
            ],
            "offmtx": [
                [
                    1.0,
                    0.0,
                    0.0,
                    0.0
                ],
                [
                    0.0,
                    1.0,
                    0.0,
                    0.0
                ],
                [
                    0.0,
                    0.0,
                    1.0,
                    0.0
                ]
            ]
        },
        {
            "name": "middle",
            "parent": "base",
            "initpos": [
                0.5840673446655273,
                -2.049314498901367,
                0.0000013896968766857754
            ],
            "initquaternion": [
                -2.733884514327656e-7,
                -1.7728881118728169e-7,
                0.544095516204834,
                0.8390232920646668
            ],
            "initscale": [
                1.0,
                1.0,
                1.0
            ],
            "offmtx": [
                [
                    3.1391647326017848e-7,
                    1.0,
                    0.0,
                    -14.999999046325684
                ],
                [
                    -5.920780949963955e-7,
                    1.8474111129762606e-13,
                    1.0,
                    -0.001018524169921875
                ],
                [
                    1.0,
                    -3.1391647326017848e-7,
                    5.920780949963955e-7,
                    0.000003898289378412301
                ]
            ]
        },
        {
            "name": "right",
            "parent": "middle",
            "initpos": [
                3.0,
                -0.0010204315185546876,
                -0.0000019073486328125
            ],
            "initquaternion": [
                3.37174810738361e-7,
                3.371747538949421e-7,
                -0.7071068286895752,
                0.7071067094802856
            ],
            "initscale": [
                1.0,
                1.0,
                1.0
            ],
            "offmtx": [
                [
                    8.390371419864096e-8,
                    0.0,
                    -1.0,
                    -7.868035822866659e-7
                ],
                [
                    -1.6292061388867297e-7,
                    1.0,
                    -1.4210854715202005e-14,
                    -18.0
                ],
                [
                    1.0,
                    1.6292061388867297e-7,
                    8.390371419864096e-8,
                    -0.0000025014201128215065
                ]
            ]
        },
        {
            "name": "left",
            "parent": "middle",
            "initpos": [
                3.0,
                -0.0010204315185546876,
                -0.0000019073486328125
            ],
            "initquaternion": [
                -8.429362452488931e-8,
                4.214685134229512e-7,
                -0.7071068286895752,
                0.7071067094802856
            ],
            "initscale": [
                1.0,
                1.0,
                1.0
            ],
            "offmtx": [
                [
                    8.390371419864096e-8,
                    0.0,
                    -1.0,
                    -7.868035822866659e-7
                ],
                [
                    -1.6292061388867297e-7,
                    1.0,
                    -1.4210854715202005e-14,
                    -18.0
                ],
                [
                    1.0,
                    1.6292061388867297e-7,
                    8.390371419864096e-8,
                    -0.0000025014201128215065
                ]
            ]
        }
    ],
    "boundingbox": [
        [
            -1.1014783382415772,
            12.730364799499512,
            -6.0
        ],
        [
            1.1000304222106934,
            22.730363845825197,
            0.10203610360622406
        ]
    ]
}