{
    "animation": {
        "name": "Take 001",
        "ID": "UANI",
        "length": 1.0,
        "trackSize": 3,
        "tracks": [
            {
                "bone": "left",
                "chanelMask": 3,
                "keyFramesSize": 3,
                "keyframes": [
                    {
                        "time": 0.0,
                        "pos": [
                            3.0,
                            -0.0010199770331382752,
                            -0.0000019075268937740477
                        ],
                        "quaternion": [
                            4.789176344388579e-8,
                            3.735768530077621e-7,
                            -0.7071068286895752,
                            0.7071067094802856
                        ],
                        "scale": [
                            1.0,
                            1.0,
                            1.0
                        ]
                    },
                    {
                        "time": 0.5,
                        "pos": [
                            3.0,
                            -0.6092963218688965,
                            -0.0000022676740627503024
                        ],
                        "quaternion": [
                            4.789176344388579e-8,
                            3.735768530077621e-7,
                            -0.7071068286895752,
                            0.7071067094802856
                        ],
                        "scale": [
                            1.0,
                            1.0,
                            1.0
                        ]
                    },
                    {
                        "time": 1.0,
                        "pos": [
                            3.0,
                            -0.9098333716392517,
                            -0.0000024456151095364477
                        ],
                        "quaternion": [
                            -0.4304593801498413,
                            -0.43045905232429507,
                            -0.560985803604126,
                            0.5609854459762573
                        ],
                        "scale": [
                            1.0,
                            1.0,
                            1.0
                        ]
                    }
                ]
            },
            {
                "bone": "middle",
                "chanelMask": 3,
                "keyFramesSize": 1,
                "keyframes": [
                    {
                        "time": 0.0,
                        "pos": [
                            0.5592666268348694,
                            -2.049314022064209,
                            0.0000013952020481156069
                        ],
                        "quaternion": [
                            -7.334974583272924e-8,
                            -4.7566338423621349e-8,
                            0.544095516204834,
                            0.8390232920646668
                        ],
                        "scale": [
                            1.0,
                            1.0,
                            1.0
                        ]
                    }
                ]
            },
            {
                "bone": "right",
                "chanelMask": 3,
                "keyFramesSize": 3,
                "keyframes": [
                    {
                        "time": 0.0,
                        "pos": [
                            3.0,
                            -0.0010199770331382752,
                            -0.0000019075268937740477
                        ],
                        "quaternion": [
                            1.714594191071228e-7,
                            3.3430279700041867e-7,
                            -0.7071068286895752,
                            0.7071067094802856
                        ],
                        "scale": [
                            1.0,
                            1.0,
                            1.0
                        ]
                    },
                    {
                        "time": 0.5,
                        "pos": [
                            3.0,
                            -0.6092963218688965,
                            -0.0000022676740627503024
                        ],
                        "quaternion": [
                            1.714594191071228e-7,
                            3.3430279700041867e-7,
                            -0.7071068286895752,
                            0.7071067094802856
                        ],
                        "scale": [
                            1.0,
                            1.0,
                            1.0
                        ]
                    },
                    {
                        "time": 1.0,
                        "pos": [
                            3.0,
                            -0.9098333716392517,
                            -0.0000024456151095364477
                        ],
                        "quaternion": [
                            0.43045952916145327,
                            0.43045955896377566,
                            -0.5609853863716126,
                            0.5609853863716126
                        ],
                        "scale": [
                            1.0,
                            1.0,
                            1.0
                        ]
                    }
                ]
            }
        ]
    }
}