{
	"format_version": "1.13.0",
	"netease:block_geometry": 
		{
			"description": {
				"identifier": "cyfmt:fmt",
				"textures": ["cyfmt:fmt"]
			},
			"bones": [
				{
					"name": "root",
					"pivot": [0, 0, 0],
					"cubes": [
						{
							"origin": [-16, 0, 0],
							"size": [16, 12, 16],
							"uv": {
								"north": {"uv": [16, 20], "uv_size": [16, 12]},
								"east": {"uv": [16, 20], "uv_size": [16, 12]},
								"south": {"uv": [16, 20], "uv_size": [16, 12]},
								"west": {"uv": [16, 20], "uv_size": [16, 12]},
								"up": {"uv": [16, 16], "uv_size": [-16, -16]},
								"down": {"uv": [0, 32], "uv_size": [16, -16]}
							}
						}
					]
				}
			]
		}
	
}