{"format_version": "1.13.0", "netease:block_geometry": {"bones": [{"pivot": [0, 0, 0], "cubes": [{"origin": [-16, 0, 0], "uv": {"north": {"uv_size": [8, 6], "uv": [8, 10]}, "west": {"uv_size": [8, 6], "uv": [8, 10]}, "up": {"uv_size": [-8, -8], "uv": [8, 8]}, "down": {"uv_size": [8, -8], "uv": [0, 16]}, "east": {"uv_size": [8, 6], "uv": [8, 10]}, "south": {"uv_size": [8, 6], "uv": [8, 10]}}, "size": [16, 12, 16]}, {"origin": [-16, 0, 0], "uv": {"north": {"uv_size": [8, 6], "uv": [8, 10]}, "west": {"uv_size": [8, 6], "uv": [8, 10]}, "up": {"uv_size": [-8, -8], "uv": [8, 8]}, "down": {"uv_size": [8, -8], "uv": [0, 16]}, "east": {"uv_size": [8, 6], "uv": [8, 10]}, "south": {"uv_size": [8, 6], "uv": [8, 10]}}, "size": [16, 12, 16]}, {"origin": [-16, 0, 0], "uv": {"north": {"uv_size": [8, 6], "uv": [8, 10]}, "west": {"uv_size": [8, 6], "uv": [8, 10]}, "up": {"uv_size": [-8, -8], "uv": [8, 8]}, "down": {"uv_size": [8, -8], "uv": [0, 16]}, "east": {"uv_size": [8, 6], "uv": [8, 10]}, "south": {"uv_size": [8, 6], "uv": [8, 10]}}, "size": [16, 12, 16]}, {"origin": [-16, 0, 0], "uv": {"north": {"uv_size": [8, 6], "uv": [8, 10]}, "west": {"uv_size": [8, 6], "uv": [8, 10]}, "up": {"uv_size": [-8, -8], "uv": [8, 8]}, "down": {"uv_size": [8, -8], "uv": [0, 16]}, "east": {"uv_size": [8, 6], "uv": [8, 10]}, "south": {"uv_size": [8, 6], "uv": [8, 10]}}, "size": [16, 12, 16]}, {"origin": [-16, 0, 0], "uv": {"north": {"uv_size": [8, 6], "uv": [8, 10]}, "west": {"uv_size": [8, 6], "uv": [8, 10]}, "up": {"uv_size": [-8, -8], "uv": [8, 8]}, "down": {"uv_size": [8, -8], "uv": [0, 16]}, "east": {"uv_size": [8, 6], "uv": [8, 10]}, "south": {"uv_size": [8, 6], "uv": [8, 10]}}, "size": [16, 12, 16]}, {"origin": [-16, 0, 0], "uv": {"north": {"uv_size": [8, 6], "uv": [8, 10]}, "west": {"uv_size": [8, 6], "uv": [8, 10]}, "up": {"uv_size": [-8, -8], "uv": [8, 8]}, "down": {"uv_size": [8, -8], "uv": [0, 16]}, "east": {"uv_size": [8, 6], "uv": [8, 10]}, "south": {"uv_size": [8, 6], "uv": [8, 10]}}, "size": [16, 12, 16]}], "name": "root"}], "description": {"textures": ["cyfmt:fmt"], "identifier": "cyfmt:fmt"}}}