{
	"format_version": "1.10.0",
	"minecraft:block": {
		"description": {
			"register_to_creative_menu": true,
			"identifier": "cyfmt:fmt",
			"is_experimental": false
		},
		"components": {
			"netease:pathable": {
				"value": false
			},
			"netease:tier": {
				"digger": "pickaxe",
				"destroy_special": true,
				"level": 2
			},
			"netease:aabb": {
				"collision": {
					"max": [1, 0.7, 1],
					"min": [0, 0.0, 0]
				},
				"clip": {
					"max": [1, 0.7, 1],
					"min": [0, 0.0, 0]
				}
			},
			"minecraft:block_light_emission": {
				"emission": 0.0
			},
			"netease:solid": {
				"value": false
			},
			"netease:render_layer": {
				"value": "alpha"
			},
			"minecraft:block_light_absorption": {
				"value": 0
			},
			"minecraft:destroy_time": {
				"value": 3.5
			}
		}
	}
}