{
	"arrow":{
		"skeleton":"arrow/arrow_skeleton.json",
		"mesh":"arrow/arrow_mesh.json",
		"animation":{
		}
	},
	"enchanting_table":{
		"skeleton":"enchanting_table/enchanting_table_skeleton.json",
		"mesh":"enchanting_table/enchanting_table_mesh.json",
		"animation":{
			"idle_close": "enchanting_table/enchanting_table_animation_idle_close.json",
			"idle_open": "enchanting_table/enchanting_table_animation_idle_open.json",
			"idle_test": "enchanting_table/enchanting_table_animation_idle_test.json"
		}
	}
}