{
    "skeleton": [
        {
            "name": "Bone001",
            "parent": "Bone001",
            "initpos": [
                3.423658085921488e-7,
                11.117111206054688,
                -4.859443265559094e-7
            ],
            "initquaternion": [
                -4.214684778958144e-8,
                0.7071068286895752,
                7.30554745587142e-8,
                0.7071067094802856
            ],
            "initscale": [
                0.422524094581604,
                0.3956136405467987,
                0.9209092855453491
            ],
            "offmtx": [
                [
                    1.7881393432617188e-7,
                    -3.552713678800501e-15,
                    -1.0000001192092896,
                    -4.76837158203125e-7
                ],
                [
                    -1.6292071336465598e-7,
                    1.0000001192092896,
                    -2.842170943040401e-14,
                    -11.117111206054688
                ],
                [
                    1.0000001192092896,
                    1.6292071336465598e-7,
                    1.6391278734317894e-7,
                    -0.0000021457672119140627
                ]
            ]
        }
    ],
    "boundingbox": [
        [
            -0.01679813489317894,
            11.140012741088868,
            0.7028641104698181
        ],
        [
            -0.016457442194223405,
            11.1400146484375,
            0.7029319405555725
        ]
    ]
}