{
  "minecraft:recipe_shaped": {
    "pattern": [
      "XYX", 
      "ZAZ", 
      "XBX"
    ], 
    "tags": [
      "crafting_table"
    ], 
    "result": {
      "count": 1, 
      "item": "cyfmt:fmt"
    }, 
    "key": {
      "Y": {
        "count": 1, 
        "item": "minecraft:writable_book"
      }, 
      "X": {
        "count": 1, 
        "item": "minecraft:gold_ingot"
      }, 
      "B": {
        "count": 1, 
        "item": "minecraft:ender_eye"
      }, 
      "Z": {
        "count": 1, 
        "item": "minecraft:obsidian"
      }, 
      "A": {
        "count": 1, 
        "item": "minecraft:enchanting_table"
      }
    }, 
    "description": {
      "identifier": "cyfmt:fmt_identifier"
    }
  }, 
  "format_version": "1.12"
}